Date,Arriving by date,Type,Booking date,Start date,End date,Nights,Listing,Currency,Amount,Paid out,Host service fee,Fast pay fee,Cleaning fee,Pet fee,Gross earnings,Occupancy taxes,Earnings year
02/24/2024,02/24/2024,Payout,,,,,,USD,,950.6,,,,,,,
02/24/2024,,Reservation,02/21/2024,02/23/2024,02/25/2024,2.0,Treetops by ARRAY | 3 King | 7 Acre | Private Pond,USD,435.53,,13.47,,130.0,0.0,449.0,67.89,2024.0
02/24/2024,,Reservation,02/18/2024,02/23/2024,02/25/2024,2.0,"NEW Idlewood, Close to NCSU, PNC Arena, Fenced",USD,515.07,,15.93,,130.0,0.0,531.0,80.29,2024.0
02/22/2024,02/22/2024,Payout,,,,,,USD,,322.04,,,,,,,
02/22/2024,,Reservation,02/20/2024,02/21/2024,02/23/2024,2.0,Treetops by ARRAY | 3 King | 7 Acre | Private Pond,USD,322.04,,9.96,,130.0,0.0,332.0,50.2,2024.0
02/19/2024,02/19/2024,Payout,,,,,,USD,,378.3,,,,,,,
02/19/2024,,Reservation,02/17/2024,02/18/2024,02/21/2024,3.0,Treetops by ARRAY | 3 King | 7 Acre | Private Pond,USD,378.3,,11.7,,135.0,0.0,390.0,58.97,2024.0
02/17/2024,02/17/2024,Payout,,,,,,USD,,1102.89,,,,,,,
02/17/2024,,Reservation,01/30/2024,02/16/2024,02/18/2024,2.0,"NEW Idlewood, Close to NCSU, PNC Arena, Fenced",USD,584.91,,18.09,,130.0,0.0,603.0,91.18,2024.0
02/17/2024,,Reservation,02/07/2024,02/16/2024,02/18/2024,2.0,Treetops by ARRAY | 3 King | 7 Acre | Private Pond,USD,517.98,,16.02,,130.0,0.0,534.0,80.74,2024.0
02/14/2024,02/14/2024,Payout,,,,,,USD,,367.63,,,,,,,
02/14/2024,,Reservation,01/24/2024,02/13/2024,02/15/2024,2.0,"NEW Idlewood, Close to NCSU, PNC Arena, Fenced",USD,367.63,,11.37,,130.0,0.0,379.0,57.31,2024.0
02/13/2024,02/13/2024,Payout,,,,,,USD,,439.41,,,,,,,
02/13/2024,,Reservation,01/20/2024,02/12/2024,02/15/2024,3.0,Treetops by ARRAY | 3 King | 7 Acre | Private Pond,USD,439.41,,13.59,,135.0,0.0,453.0,68.5,2024.0
02/11/2024,02/11/2024,Payout,,,,,,USD,,422.92,,,,,,,
02/11/2024,,Reservation,01/20/2024,02/10/2024,02/12/2024,2.0,Treetops by ARRAY | 3 King | 7 Acre | Private Pond,USD,422.92,,13.08,,130.0,0.0,436.0,65.93,2024.0
02/10/2024,02/10/2024,Payout,,,,,,USD,,23.8,,,,,,,
02/10/2024,,Cancellation Fee,01/20/2024,04/04/2024,04/09/2024,5.0,Treetops by ARRAY | 3 King | 7 Acre | Private Pond,USD,-218.7,,0.0,,0.0,0.0,,0.0,2024.0
02/10/2024,,Reservation,02/07/2024,02/09/2024,02/10/2024,1.0,Treetops by ARRAY | 3 King | 7 Acre | Private Pond,USD,242.5,,7.5,,130.0,0.0,250.0,37.8,2024.0
02/06/2024,02/06/2024,Payout,,,,,,USD,,388.0,,,,,,,
02/06/2024,,Reservation,02/04/2024,02/05/2024,02/08/2024,3.0,"NEW Idlewood, Close to NCSU, PNC Arena, Fenced",USD,388.0,,12.0,,130.0,0.0,400.0,60.48,2024.0
02/05/2024,02/05/2024,Payout,,,,,,USD,,428.74,,,,,,,
02/05/2024,,Reservation,01/05/2024,02/04/2024,02/07/2024,3.0,Treetops by ARRAY | 3 King | 7 Acre | Private Pond,USD,428.74,,13.26,,135.0,0.0,442.0,66.83,2024.0
02/04/2024,02/04/2024,Payout,,,,,,USD,,272.57,,,,,,,
02/04/2024,,Reservation,01/30/2024,02/03/2024,02/04/2024,1.0,Treetops by ARRAY | 3 King | 7 Acre | Private Pond,USD,272.57,,8.43,,130.0,0.0,281.0,42.49,2024.0
02/01/2024,02/01/2024,Payout,,,,,,USD,,699.58,,,,,,,
02/01/2024,,Reservation,01/22/2024,01/23/2024,01/31/2024,8.0,"NEW Idlewood, Close to NCSU, PNC Arena, Fenced",USD,69.08,,2.14,,0.0,0.0,71.22,10.77,2024.0
02/01/2024,,Adjustment,01/09/2024,01/09/2024,01/11/2024,2.0,"NEW Idlewood, Close to NCSU, PNC Arena, Fenced",USD,-300.7,,-9.3,,-130.0,0.0,,0.0,2024.0
02/01/2024,,Reservation,01/23/2024,01/31/2024,02/03/2024,3.0,Treetops by ARRAY | 3 King | 7 Acre | Private Pond,USD,559.69,,17.31,,135.0,0.0,577.0,87.25,2024.0
02/01/2024,,Reservation,01/25/2024,01/31/2024,02/02/2024,2.0,"NEW Idlewood, Close to NCSU, PNC Arena, Fenced",USD,371.51,,11.49,,130.0,0.0,383.0,57.91,2024.0
01/27/2024,01/27/2024,Payout,,,,,,USD,,187.21,,,,,,,
01/27/2024,,Reservation,01/22/2024,01/23/2024,01/31/2024,8.0,"NEW Idlewood, Close to NCSU, PNC Arena, Fenced",USD,187.21,,5.79,,0.0,0.0,193.0,29.18,2024.0
01/24/2024,01/24/2024,Payout,,,,,,USD,,180.48,,,,,,,
01/24/2024,,Cancellation Fee,12/16/2023,01/19/2024,01/21/2024,2.0,Treetops by ARRAY | 3 King | 7 Acre | Private Pond,USD,-337.5,,0.0,,0.0,0.0,,0.0,2024.0
01/24/2024,,Reservation,01/22/2024,01/23/2024,01/31/2024,8.0,"NEW Idlewood, Close to NCSU, PNC Arena, Fenced",USD,517.98,,16.02,,130.0,0.0,534.0,80.75,2024.0
01/19/2024,01/19/2024,Payout,,,,,,USD,,549.02,,,,,,,
01/19/2024,,Reservation,01/17/2024,01/18/2024,01/22/2024,4.0,"NEW Idlewood, Close to NCSU, PNC Arena, Fenced",USD,549.02,,16.98,,130.0,0.0,566.0,85.58,2024.0
01/18/2024,01/18/2024,Payout,,,,,,USD,,298.76,,,,,,,
01/18/2024,,Reservation,01/17/2024,01/17/2024,01/19/2024,2.0,Treetops by ARRAY | 3 King | 7 Acre | Private Pond,USD,298.76,,9.24,,130.0,0.0,308.0,46.57,2024.0
01/12/2024,01/12/2024,Payout,,,,,,USD,,989.4,,,,,,,
01/12/2024,,Reservation,12/26/2023,01/11/2024,01/16/2024,5.0,Treetops by ARRAY | 3 King | 7 Acre | Private Pond,USD,989.4,,30.6,,135.0,0.0,1020.0,154.23,2024.0
01/10/2024,01/10/2024,Payout,,,,,,USD,,170.7,,,,,,,
01/10/2024,,Resolution Adjustment,,01/05/2024,,,,USD,-130.0,,,,,,-130.0,,2024.0
01/10/2024,,Reservation,01/09/2024,01/09/2024,01/11/2024,2.0,"NEW Idlewood, Close to NCSU, PNC Arena, Fenced",USD,300.7,,9.3,,130.0,0.0,310.0,0.0,2024.0
01/03/2024,01/03/2024,Payout,,,,,,USD,,565.51,,,,,,,
01/03/2024,,Reservation,01/01/2024,01/02/2024,01/06/2024,4.0,Treetops by ARRAY | 3 King | 7 Acre | Private Pond,USD,565.51,,17.49,,135.0,0.0,583.0,88.15,2024.0
01/01/2024,01/01/2024,Payout,,,,,,USD,,426.88,,,,,,,
01/01/2024,,Reservation,11/30/2023,12/31/2023,01/02/2024,2.0,Treetops by ARRAY | 3 King | 7 Acre | Private Pond,USD,426.88,,13.2,,130.0,0.0,440.08,66.54,2024.0
12/29/2023,12/29/2023,Payout,,,,,,USD,,645.71,,,,,,,
12/29/2023,,Reservation,12/21/2023,12/28/2023,12/30/2023,2.0,Treetops by ARRAY | 3 King | 7 Acre | Private Pond,USD,645.71,,19.97,,130.0,0.0,665.68,100.65,2023.0
12/28/2023,12/28/2023,Payout,,,,,,USD,,205.25,,,,,,,
12/28/2023,,Reservation,12/26/2023,12/27/2023,12/28/2023,1.0,Treetops by ARRAY | 3 King | 7 Acre | Private Pond,USD,205.25,,6.35,,130.0,0.0,211.6,31.99,2023.0
12/24/2023,12/24/2023,Payout,,,,,,USD,,1144.1,,,,,,,
12/24/2023,,Reservation,11/16/2023,12/23/2023,12/27/2023,4.0,Treetops by ARRAY | 3 King | 7 Acre | Private Pond,USD,1144.1,,35.38,,135.0,0.0,1179.48,178.35,2023.0
12/23/2023,12/23/2023,Payout,,,,,,USD,,230.39,,,,,,,
12/23/2023,,Reservation,12/21/2023,12/22/2023,12/23/2023,1.0,Treetops by ARRAY | 3 King | 7 Acre | Private Pond,USD,230.39,,7.13,,130.0,0.0,237.52,35.91,2023.0
12/21/2023,12/21/2023,Payout,,,,,,USD,,79.15,,,,,,,
12/21/2023,,Reservation,12/14/2023,12/18/2023,12/22/2023,4.0,Treetops by ARRAY | 3 King | 7 Acre | Private Pond,USD,79.15,,2.45,,0.0,0.0,81.6,12.34,2023.0
12/19/2023,12/19/2023,Payout,,,,,,USD,,371.2,,,,,,,
12/19/2023,,Reservation,12/14/2023,12/18/2023,12/22/2023,4.0,Treetops by ARRAY | 3 King | 7 Acre | Private Pond,USD,371.2,,11.48,,135.0,0.0,382.68,57.86,2023.0
12/17/2023,12/17/2023,Payout,,,,,,USD,,719.74,,,,,,,
12/17/2023,,Reservation,11/27/2023,12/16/2023,12/20/2023,4.0,"NEW Idlewood, Close to NCSU, PNC Arena, Fenced",USD,719.74,,22.26,,130.0,0.0,742.0,112.19,2023.0
12/16/2023,12/16/2023,Payout,,,,,,USD,,1040.97,,,,,,,
12/16/2023,,Reservation,12/11/2023,12/15/2023,12/16/2023,1.0,"NEW Idlewood, Close to NCSU, PNC Arena, Fenced",USD,261.9,,8.1,,130.0,0.0,270.0,40.83,2023.0
12/16/2023,,Reservation,11/05/2023,12/15/2023,12/18/2023,3.0,Treetops by ARRAY | 3 King | 7 Acre | Private Pond,USD,779.07,,24.09,,135.0,0.0,803.16,121.44,2023.0
12/14/2023,12/14/2023,Payout,,,,,,USD,,246.38,,,,,,,
12/14/2023,,Reservation,11/11/2023,12/13/2023,12/14/2023,1.0,Treetops by ARRAY | 3 King | 7 Acre | Private Pond,USD,246.38,,7.62,,130.0,0.0,254.0,38.41,2023.0
12/11/2023,12/11/2023,Payout,,,,,,USD,,430.8,,,,,,,
12/11/2023,,Reservation,10/15/2023,12/10/2023,12/13/2023,3.0,Treetops by ARRAY | 3 King | 7 Acre | Private Pond,USD,430.8,,13.32,,135.0,0.0,444.12,67.15,2023.0
12/09/2023,12/09/2023,Payout,,,,,,USD,,600.08,,,,,,,
12/09/2023,,Reservation,11/22/2023,12/08/2023,12/10/2023,2.0,Treetops by ARRAY | 3 King | 7 Acre | Private Pond,USD,600.08,,18.56,,130.0,0.0,618.64,93.54,2023.0
12/05/2023,12/05/2023,Payout,,,,,,USD,,446.63,,,,,,,
12/05/2023,,Reservation,11/29/2023,12/04/2023,12/07/2023,3.0,Treetops by ARRAY | 3 King | 7 Acre | Private Pond,USD,446.63,,13.81,,135.0,0.0,460.44,69.62,2023.0
12/02/2023,12/02/2023,Payout,,,,,,USD,,626.15,,,,,,,
12/02/2023,,Reservation,11/06/2023,12/01/2023,12/03/2023,2.0,Treetops by ARRAY | 3 King | 7 Acre | Private Pond,USD,626.15,,19.37,,130.0,0.0,645.52,97.61,2023.0
11/29/2023,11/29/2023,Payout,,,,,,USD,,1201.69,,,,,,,
11/29/2023,,Reservation,06/08/2023,11/28/2023,12/05/2023,7.0,"NEW Idlewood, Close to NCSU, PNC Arena, Fenced",USD,1201.69,,37.17,,120.0,0.0,1238.86,187.32,2023.0
11/27/2023,11/27/2023,Payout,,,,,,USD,,421.48,,,,,,,
11/27/2023,,Reservation,11/16/2023,11/26/2023,11/29/2023,3.0,Treetops by ARRAY | 3 King | 7 Acre | Private Pond,USD,421.48,,13.04,,135.0,0.0,434.52,65.7,2023.0
11/26/2023,11/26/2023,Payout,,,,,,USD,,242.5,,,,,,,
11/26/2023,,Reservation,11/23/2023,11/25/2023,11/26/2023,1.0,"NEW Idlewood, Close to NCSU, PNC Arena, Fenced",USD,242.5,,7.5,,130.0,0.0,250.0,37.8,2023.0
11/22/2023,11/22/2023,Payout,,,,,,USD,,2660.28,,,,,,,
11/22/2023,,Reservation,10/13/2023,11/21/2023,11/25/2023,4.0,"NEW Idlewood, Close to NCSU, PNC Arena, Fenced",USD,1005.89,,31.11,,120.0,0.0,1037.0,156.8,2023.0
11/22/2023,,Reservation,08/24/2023,11/21/2023,11/26/2023,5.0,Treetops by ARRAY | 3 King | 7 Acre | Private Pond,USD,1654.39,,51.17,,135.0,0.0,1705.56,257.89,2023.0
11/21/2023,11/21/2023,Payout,,,,,,USD,,213.4,,,,,,,
11/21/2023,,Reservation,11/19/2023,11/20/2023,11/21/2023,1.0,"NEW Idlewood, Close to NCSU, PNC Arena, Fenced",USD,213.4,,6.6,,130.0,0.0,220.0,33.27,2023.0
11/20/2023,11/20/2023,Payout,,,,,,USD,,208.55,,,,,,,
11/20/2023,,Reservation,11/14/2023,11/19/2023,11/20/2023,1.0,Treetops by ARRAY | 3 King | 7 Acre | Private Pond,USD,208.55,,6.45,,130.0,0.0,215.0,32.51,2023.0
11/18/2023,11/18/2023,Payout,,,,,,USD,,1222.7,,,,,,,
11/18/2023,,Reservation,10/30/2023,11/17/2023,11/19/2023,2.0,Treetops by ARRAY | 3 King | 7 Acre | Private Pond,USD,649.43,,20.09,,130.0,0.0,669.52,101.24,2023.0
11/18/2023,,Reservation,10/23/2023,11/17/2023,11/19/2023,2.0,"NEW Idlewood, Close to NCSU, PNC Arena, Fenced",USD,573.27,,17.73,,120.0,0.0,591.0,89.36,2023.0
11/14/2023,11/14/2023,Payout,,,,,,USD,,572.3,,,,,,,
11/14/2023,,Reservation,11/07/2023,11/13/2023,11/17/2023,4.0,"NEW Idlewood, Close to NCSU, PNC Arena, Fenced",USD,572.3,,17.7,,130.0,0.0,590.0,89.21,2023.0
11/13/2023,11/13/2023,Payout,,,,,,USD,,507.15,,,,,,,
11/13/2023,,Reservation,10/20/2023,11/12/2023,11/16/2023,4.0,Treetops by ARRAY | 3 King | 7 Acre | Private Pond,USD,507.15,,15.69,,135.0,0.0,522.84,79.06,2023.0
11/12/2023,11/12/2023,Payout,,,,,,USD,,481.12,,,,,,,
11/12/2023,,Reservation,10/21/2023,11/11/2023,11/13/2023,2.0,"NEW Idlewood, Close to NCSU, PNC Arena, Fenced",USD,481.12,,14.88,,120.0,0.0,496.0,75.0,2023.0
11/11/2023,11/11/2023,Payout,,,,,,USD,,728.51,,,,,,,
11/11/2023,,Resolution Adjustment,,11/08/2023,,,,USD,-254.1,,,,,,-254.1,,2023.0
11/11/2023,,Reservation,11/06/2023,11/09/2023,11/10/2023,1.0,"NEW Idlewood, Close to NCSU, PNC Arena, Fenced",USD,242.5,,7.5,,130.0,0.0,250.0,37.8,2023.0
11/11/2023,,Reservation,11/04/2023,11/10/2023,11/11/2023,1.0,"NEW Idlewood, Close to NCSU, PNC Arena, Fenced",USD,323.01,,9.99,,130.0,0.0,333.0,50.35,2023.0
11/11/2023,,Reservation,11/06/2023,11/10/2023,11/11/2023,1.0,Treetops by ARRAY | 3 King | 7 Acre | Private Pond,USD,417.1,,12.9,,130.0,0.0,430.0,65.02,2023.0
11/07/2023,11/07/2023,Payout,,,,,,USD,,472.7,,,,,,,
11/07/2023,,Reservation,11/06/2023,11/06/2023,11/10/2023,4.0,Treetops by ARRAY | 3 King | 7 Acre | Private Pond,USD,472.7,,14.62,,135.0,0.0,487.32,73.69,2023.0
11/04/2023,11/04/2023,Payout,,,,,,USD,,947.69,,,,,,,
11/04/2023,,Reservation,10/29/2023,11/03/2023,11/06/2023,3.0,"NEW Idlewood, Close to NCSU, PNC Arena, Fenced",USD,947.69,,29.31,,130.0,0.0,977.0,147.73,2023.0
10/31/2023,10/31/2023,Payout,,,,,,USD,,503.43,,,,,,,
10/31/2023,,Reservation,10/30/2023,10/30/2023,11/03/2023,4.0,"NEW Idlewood, Close to NCSU, PNC Arena, Fenced",USD,503.43,,15.57,,130.0,0.0,519.0,78.48,2023.0
10/28/2023,10/28/2023,Payout,,,,,,USD,,723.62,,,,,,,
10/28/2023,,Reservation,09/30/2023,10/27/2023,10/29/2023,2.0,"NEW Idlewood, Close to NCSU, PNC Arena, Fenced",USD,723.62,,22.38,,120.0,0.0,746.0,112.8,2023.0
10/27/2023,10/27/2023,Payout,,,,,,USD,,824.69,,,,,,,
10/27/2023,,Reservation,10/14/2023,10/26/2023,10/29/2023,3.0,Treetops by ARRAY | 3 King | 7 Acre | Private Pond,USD,824.69,,25.51,,135.0,0.0,850.2,128.56,2023.0
10/26/2023,10/26/2023,Payout,,,,,,USD,,205.25,,,,,,,
10/26/2023,,Reservation,10/24/2023,10/25/2023,10/26/2023,1.0,Treetops by ARRAY | 3 King | 7 Acre | Private Pond,USD,205.25,,6.35,,130.0,0.0,211.6,31.99,2023.0
10/25/2023,10/25/2023,Payout,,,,,,USD,,431.65,,,,,,,
10/25/2023,,Reservation,10/22/2023,10/24/2023,10/27/2023,3.0,"NEW Idlewood, Close to NCSU, PNC Arena, Fenced",USD,431.65,,13.35,,120.0,0.0,445.0,67.29,2023.0
10/23/2023,10/23/2023,Payout,,,,,,USD,,291.0,,,,,,,
10/23/2023,,Reservation,10/20/2023,10/22/2023,10/24/2023,2.0,"NEW Idlewood, Close to NCSU, PNC Arena, Fenced",USD,291.0,,9.0,,120.0,0.0,300.0,45.36,2023.0
10/22/2023,10/22/2023,Payout,,,,,,USD,,815.38,,,,,,,
10/22/2023,,Reservation,08/24/2023,10/21/2023,10/24/2023,3.0,Treetops by ARRAY | 3 King | 7 Acre | Private Pond,USD,815.38,,25.22,,135.0,0.0,840.6,127.1,2023.0
10/21/2023,10/21/2023,Payout,,,,,,USD,,911.8,,,,,,,
10/21/2023,,Reservation,10/17/2023,10/20/2023,10/22/2023,2.0,"NEW Idlewood, Close to NCSU, PNC Arena, Fenced",USD,469.48,,14.52,,120.0,0.0,484.0,73.18,2023.0
10/21/2023,,Reservation,10/03/2023,10/20/2023,10/21/2023,1.0,Treetops by ARRAY | 3 King | 7 Acre | Private Pond,USD,442.32,,13.68,,120.0,0.0,456.0,68.95,2023.0
10/20/2023,10/20/2023,Payout,,,,,,USD,,240.56,,,,,,,
10/20/2023,,Reservation,10/18/2023,10/19/2023,10/20/2023,1.0,"NEW Idlewood, Close to NCSU, PNC Arena, Fenced",USD,240.56,,7.44,,120.0,0.0,248.0,37.5,2023.0
10/19/2023,10/19/2023,Payout,,,,,,USD,,199.82,,,,,,,
10/19/2023,,Reservation,10/14/2023,10/18/2023,10/19/2023,1.0,Treetops by ARRAY | 3 King | 7 Acre | Private Pond,USD,199.82,,6.18,,120.0,0.0,206.0,31.15,2023.0
10/17/2023,10/17/2023,Payout,,,,,,USD,,976.01,,,,,,,
10/17/2023,,Reservation,10/14/2023,10/16/2023,10/18/2023,2.0,Treetops by ARRAY | 3 King | 7 Acre | Private Pond,USD,274.7,,8.5,,120.0,0.0,283.2,42.82,2023.0
10/17/2023,,Reservation,09/10/2023,10/16/2023,10/19/2023,3.0,"NEW Idlewood, Close to NCSU, PNC Arena, Fenced",USD,701.31,,21.69,,120.0,0.0,723.0,109.32,2023.0
10/14/2023,10/14/2023,Payout,,,,,,USD,,758.93,,,,,,,
10/14/2023,,Reservation,09/27/2023,10/13/2023,10/15/2023,2.0,Treetops by ARRAY | 3 King | 7 Acre | Private Pond,USD,758.93,,23.47,,120.0,0.0,782.4,118.3,2023.0
10/13/2023,10/13/2023,Payout,,,,,,USD,,904.0,,,,,,,
10/13/2023,,Resolution Payout,,,,,,USD,904.0,,,,,,904.0,,2023.0
10/11/2023,10/11/2023,Payout,,,,,,USD,,77.6,,,,,,,
10/11/2023,,Reservation,10/09/2023,10/09/2023,10/13/2023,4.0,"NEW Idlewood, Close to NCSU, PNC Arena, Fenced",USD,77.6,,2.4,,0.0,0.0,80.0,12.1,2023.0
10/11/2023,10/11/2023,Payout,,,,,,USD,,425.21,,,,,,,
10/11/2023,,Reservation,10/08/2023,10/10/2023,10/13/2023,3.0,Treetops by ARRAY | 3 King | 7 Acre | Private Pond,USD,425.21,,13.15,,135.0,0.0,438.36,66.28,2023.0
10/10/2023,10/10/2023,Payout,,,,,,USD,,378.3,,,,,,,
10/10/2023,,Reservation,10/09/2023,10/09/2023,10/13/2023,4.0,"NEW Idlewood, Close to NCSU, PNC Arena, Fenced",USD,378.3,,11.7,,120.0,0.0,390.0,58.97,2023.0
10/07/2023,10/07/2023,Payout,,,,,,USD,,656.69,,,,,,,
10/07/2023,,Reservation,10/01/2023,10/06/2023,10/08/2023,2.0,"NEW Idlewood, Close to NCSU, PNC Arena, Fenced",USD,656.69,,20.31,,120.0,0.0,677.0,102.37,2023.0
10/03/2023,10/03/2023,Payout,,,,,,USD,,374.92,,,,,,,
10/03/2023,,Reservation,09/30/2023,10/02/2023,10/05/2023,3.0,Treetops by ARRAY | 3 King | 7 Acre | Private Pond,USD,374.92,,11.6,,135.0,0.0,386.52,58.44,2023.0
10/02/2023,10/02/2023,Payout,,,,,,USD,,378.3,,,,,,,
10/02/2023,,Reservation,10/01/2023,10/01/2023,10/04/2023,3.0,"NEW Idlewood, Close to NCSU, PNC Arena, Fenced",USD,378.3,,11.7,,120.0,0.0,390.0,58.97,2023.0
10/02/2023,10/02/2023,Payout,,,,,,USD,,20.0,,,,,,,
10/02/2023,,Resolution Payout,,,,,,USD,20.0,,,,,,20.0,,2023.0
09/30/2023,09/30/2023,Payout,,,,,,USD,,1290.95,,,,,,,
09/30/2023,,Reservation,09/20/2023,09/29/2023,10/01/2023,2.0,"NEW Idlewood, Close to NCSU, PNC Arena, Fenced",USD,659.6,,20.4,,120.0,0.0,680.0,102.82,2023.0
09/30/2023,,Reservation,09/20/2023,09/29/2023,10/01/2023,2.0,Treetops by ARRAY | 3 King | 7 Acre | Private Pond,USD,631.35,,19.53,,120.0,0.0,650.88,98.42,2023.0
09/27/2023,09/27/2023,Payout,,,,,,USD,,428.93,,,,,,,
09/27/2023,,Reservation,09/24/2023,09/26/2023,09/29/2023,3.0,Treetops by ARRAY | 3 King | 7 Acre | Private Pond,USD,428.93,,13.27,,135.0,0.0,442.2,66.86,2023.0
09/25/2023,09/25/2023,Payout,,,,,,USD,,746.12,,,,,,,
09/25/2023,,Reservation,09/24/2023,09/24/2023,09/28/2023,4.0,"NEW Idlewood, Close to NCSU, PNC Arena, Fenced",USD,471.42,,14.58,,120.0,0.0,486.0,73.49,2023.0
09/25/2023,,Reservation,09/22/2023,09/24/2023,09/26/2023,2.0,Treetops by ARRAY | 3 King | 7 Acre | Private Pond,USD,274.7,,8.5,,120.0,0.0,283.2,42.82,2023.0
09/23/2023,09/23/2023,Payout,,,,,,USD,,441.39,,,,,,,
09/23/2023,,Reservation,09/19/2023,09/22/2023,09/24/2023,2.0,Treetops by ARRAY | 3 King | 7 Acre | Private Pond,USD,441.39,,13.65,,120.0,0.0,455.04,68.8,2023.0
09/21/2023,09/21/2023,Payout,,,,,,USD,,308.23,,,,,,,
09/21/2023,,Reservation,09/19/2023,09/20/2023,09/22/2023,2.0,Treetops by ARRAY | 3 King | 7 Acre | Private Pond,USD,308.23,,9.53,,120.0,0.0,317.76,48.05,2023.0
09/19/2023,09/19/2023,Payout,,,,,,USD,,505.37,,,,,,,
09/19/2023,,Reservation,09/18/2023,09/18/2023,09/22/2023,4.0,"NEW Idlewood, Close to NCSU, PNC Arena, Fenced",USD,505.37,,15.63,,120.0,0.0,521.0,78.78,2023.0
09/18/2023,09/18/2023,Payout,,,,,,USD,,195.55,,,,,,,
09/18/2023,,Reservation,09/16/2023,09/17/2023,09/18/2023,1.0,Treetops by ARRAY | 3 King | 7 Acre | Private Pond,USD,195.55,,6.05,,120.0,0.0,201.6,30.48,2023.0
09/16/2023,09/16/2023,Payout,,,,,,USD,,1177.62,,,,,,,
09/16/2023,,Reservation,08/29/2023,09/15/2023,09/17/2023,2.0,Treetops by ARRAY | 3 King | 7 Acre | Private Pond,USD,720.75,,22.29,,120.0,0.0,743.04,112.35,2023.0
09/16/2023,,Reservation,09/15/2023,09/15/2023,09/18/2023,3.0,"NEW Idlewood, Close to NCSU, PNC Arena, Fenced",USD,456.87,,14.13,,120.0,0.0,471.0,71.22,2023.0
09/11/2023,09/11/2023,Payout,,,,,,USD,,195.55,,,,,,,
09/11/2023,,Reservation,09/08/2023,09/10/2023,09/11/2023,1.0,Treetops by ARRAY | 3 King | 7 Acre | Private Pond,USD,195.55,,6.05,,120.0,0.0,201.6,30.48,2023.0
09/09/2023,09/09/2023,Payout,,,,,,USD,,752.69,,,,,,,
09/09/2023,,Resolution Adjustment,,09/08/2023,,,,USD,-50.0,,,,,,-50.0,,2023.0
09/09/2023,,Reservation,08/09/2023,09/08/2023,09/10/2023,2.0,Treetops by ARRAY | 3 King | 7 Acre | Private Pond,USD,802.69,,24.83,,120.0,0.0,827.52,125.13,2023.0
09/02/2023,09/02/2023,Payout,,,,,,USD,,616.11,,,,,,,
09/02/2023,,Reservation,08/28/2023,09/01/2023,09/04/2023,3.0,Treetops by ARRAY | 3 King | 7 Acre | Private Pond,USD,616.11,,19.05,,135.0,0.0,635.16,96.04,2023.0
09/01/2023,09/01/2023,Payout,,,,,,USD,,266.11,,,,,,,
09/01/2023,,Reservation,08/09/2023,08/22/2023,09/07/2023,16.0,"NEW Idlewood, Close to NCSU, PNC Arena, Fenced",USD,266.11,,8.23,,12.78,0.0,274.34,41.48,2023.0
08/23/2023,08/23/2023,Payout,,,,,,USD,,2231.93,,,,,,,
08/23/2023,,Reservation,08/09/2023,08/22/2023,09/07/2023,16.0,"NEW Idlewood, Close to NCSU, PNC Arena, Fenced",USD,2231.93,,69.03,,107.22,0.0,2300.96,347.92,2023.0
08/22/2023,08/22/2023,Payout,,,,,,USD,,1446.74,,,,,,,
08/22/2023,,Reservation,08/12/2023,08/21/2023,08/31/2023,10.0,Treetops by ARRAY | 3 King | 7 Acre | Private Pond,USD,1446.74,,44.74,,135.0,0.0,1491.48,225.52,2023.0
08/21/2023,08/21/2023,Payout,,,,,,USD,,1645.0,,,,,,,
08/21/2023,,Resolution Payout,,,,,,USD,1645.0,,,,,,1645.0,,2023.0
08/20/2023,08/20/2023,Payout,,,,,,USD,,100.0,,,,,,,
08/20/2023,,Resolution Payout,,,,,,USD,100.0,,,,,,100.0,,2023.0
08/19/2023,08/19/2023,Payout,,,,,,USD,,792.52,,,,,,,
08/19/2023,,Adjustment,05/31/2023,07/25/2023,07/29/2023,4.0,"NEW Idlewood, Close to NCSU, PNC Arena, Fenced",USD,-3063.69,,-94.75,,-267.48,-111.45,,-477.58,2023.0
08/19/2023,,Resolution Adjustment,,07/29/2023,,,,USD,-61.0,,,,,,-61.0,,2023.0
08/19/2023,,Reservation,07/24/2023,07/30/2023,08/02/2023,3.0,Treetops by ARRAY | 3 King | 7 Acre | Private Pond,USD,417.76,,12.92,,135.0,0.0,430.68,65.12,2023.0
08/19/2023,,Reservation,07/31/2023,08/04/2023,08/06/2023,2.0,"NEW Idlewood, Close to NCSU, PNC Arena, Fenced",USD,540.29,,16.71,,120.0,0.0,557.0,84.22,2023.0
08/19/2023,,Reservation,07/30/2023,08/04/2023,08/07/2023,3.0,Treetops by ARRAY | 3 King | 7 Acre | Private Pond,USD,698.98,,21.62,,135.0,0.0,720.6,108.96,2023.0
08/19/2023,,Reservation,08/06/2023,08/07/2023,08/08/2023,1.0,Treetops by ARRAY | 3 King | 7 Acre | Private Pond,USD,195.55,,6.05,,120.0,0.0,201.6,30.48,2023.0
08/19/2023,,Reservation,08/03/2023,08/08/2023,08/09/2023,1.0,Treetops by ARRAY | 3 King | 7 Acre | Private Pond,USD,198.85,,6.15,,120.0,0.0,205.0,31.0,2023.0
08/19/2023,,Reservation,08/02/2023,08/10/2023,08/13/2023,3.0,Treetops by ARRAY | 3 King | 7 Acre | Private Pond,USD,813.99,,25.17,,135.0,60.0,839.16,126.89,2023.0
08/19/2023,,Resolution Adjustment,,08/12/2023,,,,USD,-198.85,,,,,,-198.85,,2023.0
08/19/2023,,Reservation,08/03/2023,08/13/2023,08/15/2023,2.0,Treetops by ARRAY | 3 King | 7 Acre | Private Pond,USD,284.95,,8.81,,120.0,0.0,293.76,44.42,2023.0
08/19/2023,,Reservation,08/18/2023,08/18/2023,08/20/2023,2.0,"NEW Idlewood, Close to NCSU, PNC Arena, Fenced",USD,335.62,,10.38,,120.0,0.0,346.0,52.32,2023.0
08/19/2023,,Reservation,08/07/2023,08/18/2023,08/21/2023,3.0,Treetops by ARRAY | 3 King | 7 Acre | Private Pond,USD,630.07,,19.49,,135.0,0.0,649.56,98.22,2023.0
07/28/2023,07/28/2023,Payout,,,,,,USD,,606.79,,,,,,,
07/28/2023,,Reservation,07/25/2023,07/27/2023,07/30/2023,3.0,Treetops by ARRAY | 3 King | 7 Acre | Private Pond,USD,606.79,,18.77,,135.0,0.0,625.56,94.59,2023.0
07/26/2023,07/26/2023,Payout,,,,,,USD,,4061.72,,,,,,,
07/26/2023,,Resolution Adjustment,,07/25/2023,,,,USD,-376.46,,,,,,-376.46,,2023.0
07/26/2023,,Reservation,05/31/2023,07/25/2023,07/29/2023,4.0,"NEW Idlewood, Close to NCSU, PNC Arena, Fenced",USD,4438.18,,137.26,,387.48,161.45,4575.44,691.84,2023.0
07/25/2023,07/25/2023,Payout,,,,,,USD,,277.5,,,,,,,
07/25/2023,,Reservation,07/21/2023,07/24/2023,07/26/2023,2.0,Treetops by ARRAY | 3 King | 7 Acre | Private Pond,USD,277.5,,8.58,,120.0,0.0,286.08,43.26,2023.0
07/24/2023,07/24/2023,Payout,,,,,,USD,,291.0,,,,,,,
07/24/2023,,Reservation,07/23/2023,07/23/2023,07/25/2023,2.0,"NEW Idlewood, Close to NCSU, PNC Arena, Fenced",USD,291.0,,9.0,,120.0,0.0,300.0,45.36,2023.0
07/23/2023,07/23/2023,Payout,,,,,,USD,,499.12,,,,,,,
07/23/2023,,Reservation,06/28/2023,07/22/2023,07/24/2023,2.0,Treetops by ARRAY | 3 King | 7 Acre | Private Pond,USD,499.12,,15.44,,120.0,0.0,514.56,77.8,2023.0
07/22/2023,07/22/2023,Payout,,,,,,USD,,458.81,,,,,,,
07/22/2023,,Reservation,07/19/2023,07/21/2023,07/23/2023,2.0,"NEW Idlewood, Close to NCSU, PNC Arena, Fenced",USD,458.81,,14.19,,120.0,50.0,473.0,71.52,2023.0
07/21/2023,07/21/2023,Payout,,,,,,USD,,276.45,,,,,,,
07/21/2023,,Reservation,07/20/2023,07/20/2023,07/21/2023,1.0,"NEW Idlewood, Close to NCSU, PNC Arena, Fenced",USD,276.45,,8.55,,120.0,50.0,285.0,43.09,2023.0
07/20/2023,07/20/2023,Payout,,,,,,USD,,135.0,,,,,,,
07/20/2023,,Resolution Payout,,07/19/2023,,,,USD,135.0,,,,,,135.0,,2023.0
07/19/2023,07/19/2023,Payout,,,,,,USD,,378.3,,,,,,,
07/19/2023,,Reservation,07/08/2023,07/18/2023,07/20/2023,2.0,"NEW Idlewood, Close to NCSU, PNC Arena, Fenced",USD,378.3,,11.7,,120.0,0.0,390.0,58.97,2023.0
07/17/2023,07/17/2023,Payout,,,,,,USD,,892.21,,,,,,,
07/17/2023,,Reservation,07/16/2023,07/16/2023,07/22/2023,6.0,Treetops by ARRAY | 3 King | 7 Acre | Private Pond,USD,892.21,,27.59,,135.0,60.0,919.8,139.08,2023.0
07/15/2023,07/15/2023,Payout,,,,,,USD,,646.02,,,,,,,
07/15/2023,,Reservation,07/08/2023,07/14/2023,07/16/2023,2.0,"NEW Idlewood, Close to NCSU, PNC Arena, Fenced",USD,646.02,,19.98,,120.0,50.0,666.0,100.7,2023.0
07/12/2023,07/12/2023,Payout,,,,,,USD,,274.7,,,,,,,
07/12/2023,,Reservation,07/11/2023,07/11/2023,07/13/2023,2.0,Treetops by ARRAY | 3 King | 7 Acre | Private Pond,USD,274.7,,8.5,,120.0,0.0,283.2,42.82,2023.0
07/06/2023,07/06/2023,Payout,,,,,,USD,,2699.9,,,,,,,
07/06/2023,,Reservation,01/29/2023,07/05/2023,07/10/2023,5.0,Treetops by ARRAY | 3 King | 7 Acre | Private Pond,USD,1458.3,,45.1,,140.0,0.0,1503.4,227.32,2023.0
07/06/2023,,Reservation,06/09/2023,07/05/2023,07/10/2023,5.0,"NEW Idlewood, Close to NCSU, PNC Arena, Fenced",USD,1241.6,,38.4,,120.0,0.0,1280.0,193.54,2023.0
07/03/2023,07/03/2023,Payout,,,,,,USD,,546.11,,,,,,,
07/03/2023,,Reservation,06/06/2023,07/02/2023,07/05/2023,3.0,"NEW Idlewood, Close to NCSU, PNC Arena, Fenced",USD,546.11,,16.89,,120.0,50.0,563.0,85.13,2023.0
07/02/2023,07/02/2023,Payout,,,,,,USD,,334.65,,,,,,,
07/02/2023,,Reservation,06/19/2023,07/01/2023,07/02/2023,1.0,"NEW Idlewood, Close to NCSU, PNC Arena, Fenced",USD,334.65,,10.35,,120.0,0.0,345.0,52.17,2023.0
07/01/2023,07/01/2023,Payout,,,,,,USD,,1015.59,,,,,,,
07/01/2023,,Reservation,06/19/2023,06/30/2023,07/04/2023,4.0,Treetops by ARRAY | 3 King | 7 Acre | Private Pond,USD,1015.59,,31.41,,135.0,0.0,1047.0,158.31,2023.0
06/28/2023,06/28/2023,Payout,,,,,,USD,,827.41,,,,,,,
06/28/2023,,Reservation,06/25/2023,06/27/2023,07/01/2023,4.0,"NEW Idlewood, Close to NCSU, PNC Arena, Fenced",USD,827.41,,25.59,,120.0,50.0,853.0,128.98,2023.0
06/20/2023,06/20/2023,Payout,,,,,,USD,,513.67,,,,,,,
06/20/2023,,Reservation,06/18/2023,06/19/2023,06/23/2023,4.0,Treetops by ARRAY | 3 King | 7 Acre | Private Pond,USD,513.67,,15.89,,135.0,0.0,529.56,80.07,2023.0
06/15/2023,06/15/2023,Payout,,,,,,USD,,516.47,,,,,,,
06/15/2023,,Reservation,06/13/2023,06/14/2023,06/17/2023,3.0,Treetops by ARRAY | 3 King | 7 Acre | Private Pond,USD,516.47,,15.97,,135.0,0.0,532.44,80.51,2023.0
06/14/2023,06/14/2023,Payout,,,,,,USD,,1022.38,,,,,,,
06/14/2023,,Reservation,06/07/2023,06/13/2023,06/18/2023,5.0,"NEW Idlewood, Close to NCSU, PNC Arena, Fenced",USD,1022.38,,31.62,,120.0,50.0,1054.0,159.37,2023.0
06/09/2023,06/09/2023,Payout,,,,,,USD,,1105.92,,,,,,,
06/09/2023,,Reservation,06/02/2023,06/08/2023,06/14/2023,6.0,Treetops by ARRAY | 3 King | 7 Acre | Private Pond,USD,1105.92,,34.2,,135.0,0.0,1140.12,172.39,2023.0
06/08/2023,06/08/2023,Payout,,,,,,USD,,810.92,,,,,,,
06/08/2023,,Reservation,06/06/2023,06/07/2023,06/12/2023,5.0,"NEW Idlewood, Close to NCSU, PNC Arena, Fenced",USD,810.92,,25.08,,120.0,50.0,836.0,126.41,2023.0
06/08/2023,06/08/2023,Payout,,,,,,USD,,30.0,,,,,,,
06/08/2023,,Resolution Payout,,,,,,USD,30.0,,,,,,30.0,,2023.0
06/07/2023,06/07/2023,Payout,,,,,,USD,,195.55,,,,,,,
06/07/2023,,Reservation,06/05/2023,06/06/2023,06/07/2023,1.0,Treetops by ARRAY | 3 King | 7 Acre | Private Pond,USD,195.55,,6.05,,120.0,0.0,201.6,30.48,2023.0
06/03/2023,06/03/2023,Payout,,,,,,USD,,1748.69,,,,,,,
06/03/2023,,Resolution Adjustment,,06/02/2023,,,,USD,-120.0,,,,,,-120.0,,2023.0
06/03/2023,,Reservation,05/04/2023,06/02/2023,06/04/2023,2.0,"NEW Idlewood, Close to NCSU, PNC Arena, Fenced",USD,895.47,,27.69,,120.0,0.0,923.16,139.59,2023.0
06/03/2023,,Reservation,05/20/2023,06/02/2023,06/05/2023,3.0,Treetops by ARRAY | 3 King | 7 Acre | Private Pond,USD,973.22,,30.1,,135.0,60.0,1003.32,151.71,2023.0
06/02/2023,06/02/2023,Payout,,,,,,USD,,348.23,,,,,,,
06/02/2023,,Reservation,05/09/2023,06/01/2023,06/02/2023,1.0,Treetops by ARRAY | 3 King | 7 Acre | Private Pond,USD,348.23,,10.77,,120.0,0.0,359.0,54.28,2023.0
05/30/2023,05/30/2023,Payout,,,,,,USD,,572.3,,,,,,,
05/30/2023,,Reservation,05/29/2023,05/29/2023,06/02/2023,4.0,"NEW Idlewood, Close to NCSU, PNC Arena, Fenced",USD,572.3,,17.7,,120.0,50.0,590.0,89.21,2023.0
05/28/2023,05/28/2023,Payout,,,,,,USD,,415.62,,,,,,,
05/28/2023,,Resolution Adjustment,,05/26/2023,,,,USD,-90.0,,,,,,-90.0,,2023.0
05/28/2023,,Resolution Adjustment,,05/26/2023,,,,USD,-161.04,,,,,,-161.04,,2023.0
05/28/2023,,Reservation,05/26/2023,05/26/2023,05/27/2023,1.0,Treetops by ARRAY | 3 King | 7 Acre | Private Pond,USD,226.28,,7.0,,120.0,0.0,233.28,35.27,2023.0
05/28/2023,,Reservation,05/25/2023,05/27/2023,05/29/2023,2.0,"NEW Idlewood, Close to NCSU, PNC Arena, Fenced",USD,440.38,,13.62,,120.0,50.0,454.0,68.65,2023.0
05/23/2023,05/23/2023,Payout,,,,,,USD,,908.89,,,,,,,
05/23/2023,,Reservation,05/02/2023,05/22/2023,05/27/2023,5.0,"NEW Idlewood, Close to NCSU, PNC Arena, Fenced",USD,908.89,,28.11,,120.0,0.0,937.0,141.68,2023.0
05/22/2023,05/22/2023,Payout,,,,,,USD,,1104.99,,,,,,,
05/22/2023,,Reservation,03/27/2023,05/21/2023,05/25/2023,4.0,Treetops by ARRAY | 3 King | 7 Acre | Private Pond,USD,1104.99,,34.17,,135.0,0.0,1139.16,172.25,2023.0
05/21/2023,05/21/2023,Payout,,,,,,USD,,398.67,,,,,,,
05/21/2023,,Reservation,05/01/2023,05/20/2023,05/21/2023,1.0,Treetops by ARRAY | 3 King | 7 Acre | Private Pond,USD,398.67,,12.33,,120.0,0.0,411.0,62.15,2023.0
05/18/2023,05/18/2023,Payout,,,,,,USD,,805.1,,,,,,,
05/18/2023,,Reservation,05/14/2023,05/17/2023,05/21/2023,4.0,"NEW Idlewood, Close to NCSU, PNC Arena, Fenced",USD,805.1,,24.9,,0.0,0.0,830.0,125.5,2023.0
05/16/2023,05/16/2023,Payout,,,,,,USD,,872.5,,,,,,,
05/16/2023,,Resolution Adjustment,,05/11/2023,,,,USD,-300.0,,,,,,-300.0,,2023.0
05/16/2023,,Reservation,05/12/2023,05/14/2023,05/15/2023,1.0,Treetops by ARRAY | 3 King | 7 Acre | Private Pond,USD,209.52,,6.48,,120.0,0.0,216.0,32.66,2023.0
05/16/2023,,Reservation,05/10/2023,05/15/2023,05/19/2023,4.0,Treetops by ARRAY | 3 King | 7 Acre | Private Pond,USD,671.98,,20.78,,135.0,0.0,692.76,104.75,2023.0
05/16/2023,,Reservation,05/13/2023,05/15/2023,05/17/2023,2.0,"NEW Idlewood, Close to NCSU, PNC Arena, Fenced",USD,291.0,,9.0,,120.0,0.0,300.0,45.36,2023.0
05/10/2023,05/10/2023,Payout,,,,,,USD,,1925.16,,,,,,,
05/10/2023,,Reservation,05/09/2023,05/09/2023,05/11/2023,2.0,Treetops by ARRAY | 3 King | 7 Acre | Private Pond,USD,339.89,,10.51,,120.0,0.0,350.4,52.98,2023.0
05/10/2023,,Reservation,04/14/2023,05/09/2023,05/14/2023,5.0,"NEW Idlewood, Close to NCSU, PNC Arena, Fenced",USD,1585.27,,49.03,,120.0,0.0,1634.3,247.12,2023.0
05/08/2023,05/08/2023,Payout,,,,,,USD,,406.47,,,,,,,
05/08/2023,,Reservation,05/06/2023,05/07/2023,05/09/2023,2.0,Treetops by ARRAY | 3 King | 7 Acre | Private Pond,USD,406.47,,12.57,,120.0,60.0,419.04,63.36,2023.0
05/06/2023,05/06/2023,Payout,,,,,,USD,,741.62,,,,,,,
05/06/2023,,Reservation,04/05/2023,05/05/2023,05/07/2023,2.0,"NEW Idlewood, Close to NCSU, PNC Arena, Fenced",USD,741.62,,22.94,,100.0,0.0,764.56,115.61,2023.0
05/05/2023,05/05/2023,Payout,,,,,,USD,,2121.52,,,,,,,
05/05/2023,,Reservation,04/30/2023,05/04/2023,05/05/2023,1.0,"NEW Idlewood, Close to NCSU, PNC Arena, Fenced",USD,245.41,,7.59,,120.0,0.0,253.0,38.26,2023.0
05/05/2023,,Reservation,04/23/2023,05/04/2023,05/05/2023,1.0,"NEW Idlewood, Close to NCSU, PNC Arena, Fenced",USD,86.81,,2.69,,0.0,0.0,89.5,0.0,2023.0
05/05/2023,,Reservation,11/28/2022,05/04/2023,05/07/2023,3.0,Treetops by ARRAY | 3 King | 7 Acre | Private Pond,USD,1789.3,,55.34,,120.0,60.0,1844.64,278.92,2023.0
05/02/2023,05/02/2023,Payout,,,,,,USD,,556.07,,,,,,,
05/02/2023,,Reservation,04/14/2023,05/01/2023,05/03/2023,2.0,Treetops by ARRAY | 3 King | 7 Acre | Private Pond,USD,581.07,,17.97,,120.0,0.0,599.04,90.58,2023.0
05/02/2023,,Resolution Adjustment,,05/02/2023,,,,USD,-25.0,,,,,,-25.0,,2023.0
04/29/2023,04/29/2023,Payout,,,,,,USD,,1087.75,,,,,,,
04/29/2023,,Reservation,04/12/2023,04/28/2023,04/30/2023,2.0,Treetops by ARRAY | 3 King | 7 Acre | Private Pond,USD,509.37,,15.75,,120.0,0.0,525.12,79.4,2023.0
04/29/2023,,Reservation,04/16/2023,04/28/2023,04/30/2023,2.0,"NEW Idlewood, Close to NCSU, PNC Arena, Fenced",USD,578.38,,17.89,,120.0,0.0,596.27,90.16,2023.0
04/26/2023,04/26/2023,Payout,,,,,,USD,,399.89,,,,,,,
04/26/2023,,Reservation,04/23/2023,04/25/2023,04/27/2023,2.0,Treetops by ARRAY | 3 King | 7 Acre | Private Pond,USD,339.89,,10.51,,120.0,0.0,350.4,52.98,2023.0
04/26/2023,,Resolution Payout,,,,,,USD,60.0,,,,,,60.0,,2023.0
04/25/2023,04/25/2023,Payout,,,,,,USD,,266.4,,,,,,,
04/25/2023,,Resolution Adjustment,,04/24/2023,,,,USD,-123.38,,,,,,-123.38,,2023.0
04/25/2023,,Reservation,04/20/2023,04/24/2023,04/26/2023,2.0,"NEW Idlewood, Close to NCSU, PNC Arena, Fenced",USD,389.78,,12.05,,120.0,50.0,401.83,60.76,2023.0
04/22/2023,04/22/2023,Payout,,,,,,USD,,965.2,,,,,,,
04/22/2023,,Reservation,02/22/2023,04/21/2023,04/23/2023,2.0,Treetops by ARRAY | 3 King | 7 Acre | Private Pond,USD,965.2,,29.85,,140.0,0.0,995.05,150.46,2023.0
04/19/2023,04/19/2023,Payout,,,,,,USD,,228.14,,,,,,,
04/19/2023,,Reservation,04/18/2023,04/18/2023,04/19/2023,1.0,Treetops by ARRAY | 3 King | 7 Acre | Private Pond,USD,228.14,,7.06,,120.0,0.0,235.2,35.56,2023.0
04/15/2023,04/21/2023,Payout,,,,,,USD,,461.72,,,,,,,
04/15/2023,,Reservation,04/05/2023,04/14/2023,04/16/2023,2.0,"NEW Idlewood, Close to NCSU, PNC Arena, Fenced",USD,461.72,,14.28,,100.0,0.0,476.0,71.97,2023.0
04/10/2023,04/10/2023,Payout,,,,,,USD,,315.25,,,,,,,
04/10/2023,,Reservation,04/06/2023,04/09/2023,04/10/2023,1.0,Treetops by ARRAY | 3 King | 7 Acre | Private Pond,USD,315.25,,9.75,,120.0,60.0,325.0,49.14,2023.0
04/08/2023,04/08/2023,Payout,,,,,,USD,,830.51,,,,,,,
04/08/2023,,Reservation,04/05/2023,04/07/2023,04/14/2023,7.0,"NEW Idlewood, Close to NCSU, PNC Arena, Fenced",USD,830.51,,25.69,,100.0,0.0,856.2,129.46,2023.0
04/04/2023,04/04/2023,Payout,,,,,,USD,,636.59,,,,,,,
04/04/2023,,Reservation,04/01/2023,04/03/2023,04/07/2023,4.0,Treetops by ARRAY | 3 King | 7 Acre | Private Pond,USD,636.59,,19.69,,135.0,0.0,656.28,99.23,2023.0
03/29/2023,03/29/2023,Payout,,,,,,USD,,521.12,,,,,,,
03/29/2023,,Reservation,03/25/2023,03/28/2023,03/31/2023,3.0,Treetops by ARRAY | 3 King | 7 Acre | Private Pond,USD,521.12,,16.12,,135.0,0.0,537.24,81.23,2023.0
03/25/2023,03/25/2023,Payout,,,,,,USD,,600.82,,,,,,,
03/25/2023,,Reservation,01/31/2023,03/24/2023,03/26/2023,2.0,Treetops by ARRAY | 3 King | 7 Acre | Private Pond,USD,600.82,,18.58,,140.0,0.0,619.4,93.66,2023.0
03/16/2023,03/16/2023,Payout,,,,,,USD,,941.87,,,,,,,
03/16/2023,,Reservation,02/10/2023,03/15/2023,03/19/2023,4.0,Treetops by ARRAY | 3 King | 7 Acre | Private Pond,USD,941.87,,29.13,,140.0,0.0,971.0,146.82,2023.0
03/14/2023,03/14/2023,Payout,,,,,,USD,,221.16,,,,,,,
03/14/2023,,Reservation,03/12/2023,03/13/2023,03/14/2023,1.0,Treetops by ARRAY | 3 King | 7 Acre | Private Pond,USD,221.16,,6.84,,0.0,0.0,228.0,34.48,2023.0
03/07/2023,03/07/2023,Payout,,,,,,USD,,1071.27,,,,,,,
03/07/2023,,Reservation,02/25/2023,03/06/2023,03/11/2023,5.0,Treetops by ARRAY | 3 King | 7 Acre | Private Pond,USD,1071.27,,33.13,,140.0,60.0,1104.4,166.99,2023.0
03/02/2023,03/02/2023,Payout,,,,,,USD,,449.59,,,,,,,
03/02/2023,,Reservation,02/28/2023,03/01/2023,03/03/2023,2.0,Treetops by ARRAY | 3 King | 7 Acre | Private Pond,USD,449.59,,13.91,,140.0,60.0,463.5,70.08,2023.0
02/25/2023,02/25/2023,Payout,,,,,,USD,,626.99,,,,,,,
02/25/2023,,Reservation,01/14/2023,02/24/2023,02/27/2023,3.0,Treetops by ARRAY | 3 King | 7 Acre | Private Pond,USD,646.99,,20.01,,140.0,0.0,667.0,100.86,2023.0
02/25/2023,,Resolution Adjustment,,02/25/2023,,,,USD,-20.0,,,,,,-20.0,,2023.0
02/21/2023,02/21/2023,Payout,,,,,,USD,,630.98,,,,,,,
02/21/2023,,Reservation,02/01/2023,02/20/2023,02/23/2023,3.0,Treetops by ARRAY | 3 King | 7 Acre | Private Pond,USD,630.98,,19.52,,140.0,60.0,650.5,98.36,2023.0
02/18/2023,02/18/2023,Payout,,,,,,USD,,590.92,,,,,,,
02/18/2023,,Reservation,01/18/2023,02/17/2023,02/19/2023,2.0,Treetops by ARRAY | 3 King | 7 Acre | Private Pond,USD,590.92,,18.28,,140.0,0.0,609.2,92.12,2023.0
01/18/2023,01/18/2023,Payout,,,,,,USD,,6880.21,,,,,,,
01/18/2023,,Reservation,09/29/2022,01/17/2023,02/16/2023,30.0,Treetops by ARRAY | 3 King | 7 Acre | Private Pond,USD,6880.21,,212.79,,120.0,0.0,7093.0,1039.61,2023.0
01/14/2023,01/14/2023,Payout,,,,,,USD,,744.96,,,,,,,
01/14/2023,,Reservation,11/23/2022,01/13/2023,01/15/2023,2.0,Treetops by ARRAY | 3 King | 7 Acre | Private Pond,USD,744.96,,23.04,,120.0,0.0,768.0,116.13,2023.0
01/07/2023,01/07/2023,Payout,,,,,,USD,,288.09,,,,,,,
01/07/2023,,Reservation,12/06/2022,01/06/2023,01/08/2023,2.0,Treetops by ARRAY | 3 King | 7 Acre | Private Pond,USD,288.09,,8.91,,0.0,30.0,297.0,0.0,2023.0
01/02/2023,01/02/2023,Payout,,,,,,USD,,914.71,,,,,,,
01/02/2023,,Reservation,11/06/2022,01/01/2023,01/05/2023,4.0,Treetops by ARRAY | 3 King | 7 Acre | Private Pond,USD,914.71,,28.29,,120.0,0.0,943.0,142.59,2023.0
12/29/2022,12/29/2022,Payout,,,,,,USD,,1105.01,,,,,,,
12/29/2022,,Reservation,10/02/2022,12/28/2022,01/01/2023,4.0,Treetops by ARRAY | 3 King | 7 Acre | Private Pond,USD,1225.01,,37.89,,120.0,60.0,1262.9,190.96,2022.0
12/29/2022,,Resolution Adjustment,,12/28/2022,,,,USD,-120.0,,,,,,-120.0,,2022.0
12/28/2022,12/28/2022,Payout,,,,,,USD,,237.34,,,,,,,
12/28/2022,,Reservation,12/17/2022,12/27/2022,12/28/2022,1.0,Treetops by ARRAY | 3 King | 7 Acre | Private Pond,USD,307.34,,9.51,,140.0,60.0,316.85,47.91,2022.0
12/28/2022,,Resolution Adjustment,,12/27/2022,,,,USD,-70.0,,,,,,-70.0,,2022.0
12/21/2022,12/21/2022,Payout,,,,,,USD,,251.23,,,,,,,
12/21/2022,,Reservation,12/06/2022,12/20/2022,12/21/2022,1.0,Treetops by ARRAY | 3 King | 7 Acre | Private Pond,USD,251.23,,7.77,,120.0,0.0,259.0,39.16,2022.0
12/15/2022,12/15/2022,Payout,,,,,,USD,,521.86,,,,,,,
12/15/2022,,Reservation,07/28/2022,12/14/2022,12/16/2022,2.0,Treetops by ARRAY | 3 King | 7 Acre | Private Pond,USD,521.86,,16.14,,120.0,0.0,538.0,81.35,2022.0
12/13/2022,12/13/2022,Payout,,,,,,USD,,260.93,,,,,,,
12/13/2022,,Reservation,10/21/2022,12/12/2022,12/13/2022,1.0,Treetops by ARRAY | 3 King | 7 Acre | Private Pond,USD,260.93,,8.07,,120.0,0.0,269.0,40.67,2022.0
12/11/2022,12/11/2022,Payout,,,,,,USD,,427.77,,,,,,,
12/11/2022,,Reservation,11/26/2022,12/10/2022,12/12/2022,2.0,Treetops by ARRAY | 3 King | 7 Acre | Private Pond,USD,427.77,,13.23,,120.0,0.0,441.0,66.68,2022.0
12/09/2022,12/09/2022,Payout,,,,,,USD,,475.3,,,,,,,
12/09/2022,,Reservation,11/23/2022,12/08/2022,12/10/2022,2.0,Treetops by ARRAY | 3 King | 7 Acre | Private Pond,USD,475.3,,14.7,,120.0,0.0,490.0,74.09,2022.0
12/03/2022,12/03/2022,Payout,,,,,,USD,,270.9,,,,,,,
12/03/2022,,Resolution Adjustment,,11/24/2022,,,,USD,-379.0,,,,,,-379.0,,2022.0
12/03/2022,,Reservation,08/29/2022,12/02/2022,12/04/2022,2.0,Treetops by ARRAY | 3 King | 7 Acre | Private Pond,USD,649.9,,20.1,,120.0,0.0,670.0,101.31,2022.0
11/24/2022,11/24/2022,Payout,,,,,,USD,,1470.52,,,,,,,
11/24/2022,,Reservation,07/09/2022,11/23/2022,11/27/2022,4.0,Treetops by ARRAY | 3 King | 7 Acre | Private Pond,USD,1470.52,,45.48,,120.0,60.0,1516.0,229.23,2022.0
11/21/2022,11/21/2022,Payout,,,,,,USD,,461.72,,,,,,,
11/21/2022,,Reservation,11/19/2022,11/20/2022,11/22/2022,2.0,Treetops by ARRAY | 3 King | 7 Acre | Private Pond,USD,461.72,,14.28,,120.0,60.0,476.0,71.97,2022.0
11/19/2022,11/19/2022,Payout,,,,,,USD,,539.6,,,,,,,
11/19/2022,,Resolution Adjustment,,11/14/2022,,,,USD,-120.0,,,,,,-120.0,,2022.0
11/19/2022,,Reservation,09/03/2022,11/18/2022,11/20/2022,2.0,Treetops by ARRAY | 3 King | 7 Acre | Private Pond,USD,659.6,,20.4,,120.0,0.0,680.0,102.82,2022.0
11/14/2022,11/14/2022,Payout,,,,,,USD,,362.78,,,,,,,
11/14/2022,,Adjustment,09/30/2022,11/06/2022,11/12/2022,6.0,Treetops by ARRAY | 3 King | 7 Acre | Private Pond,USD,-1337.63,,0.0,,0.0,0.0,,0.0,2022.0
11/14/2022,,Reservation,11/09/2022,11/09/2022,11/12/2022,3.0,Treetops by ARRAY | 3 King | 7 Acre | Private Pond,USD,677.06,,20.94,,120.0,60.0,698.0,105.54,2022.0
11/14/2022,,Reservation,08/03/2022,11/13/2022,11/18/2022,5.0,Treetops by ARRAY | 3 King | 7 Acre | Private Pond,USD,1023.35,,31.65,,120.0,0.0,1055.0,159.52,2022.0
11/07/2022,11/07/2022,Payout,,,,,,USD,,1337.63,,,,,,,
11/07/2022,,Reservation,09/30/2022,11/06/2022,11/12/2022,6.0,Treetops by ARRAY | 3 King | 7 Acre | Private Pond,USD,1337.63,,0.0,,0.0,0.0,1337.63,0.0,2022.0
11/05/2022,11/05/2022,Payout,,,,,,USD,,885.61,,,,,,,
11/05/2022,,Reservation,09/09/2022,11/04/2022,11/06/2022,2.0,Treetops by ARRAY | 3 King | 7 Acre | Private Pond,USD,885.61,,27.39,,120.0,0.0,913.0,138.05,2022.0
11/04/2022,11/04/2022,Payout,,,,,,USD,,149.38,,,,,,,
11/04/2022,,Reservation,09/19/2022,11/03/2022,11/04/2022,1.0,Treetops by ARRAY | 3 King | 7 Acre | Private Pond,USD,149.38,,4.62,,0.0,0.0,154.0,0.0,2022.0
10/31/2022,10/31/2022,Payout,,,,,,USD,,808.01,,,,,,,
10/31/2022,,Reservation,06/30/2022,10/30/2022,11/02/2022,3.0,Treetops by ARRAY | 3 King | 7 Acre | Private Pond,USD,808.01,,24.99,,115.0,0.0,833.0,125.95,2022.0
10/27/2022,10/27/2022,Payout,,,,,,USD,,565.51,,,,,,,
10/27/2022,,Reservation,07/17/2022,10/26/2022,10/28/2022,2.0,Treetops by ARRAY | 3 King | 7 Acre | Private Pond,USD,565.51,,17.49,,120.0,0.0,583.0,88.15,2022.0
10/24/2022,10/24/2022,Payout,,,,,,USD,,316.22,,,,,,,
10/24/2022,,Reservation,10/17/2022,10/23/2022,10/24/2022,1.0,Treetops by ARRAY | 3 King | 7 Acre | Private Pond,USD,316.22,,9.78,,120.0,0.0,326.0,49.29,2022.0
10/21/2022,10/21/2022,Payout,,,,,,USD,,1114.53,,,,,,,
10/21/2022,,Reservation,09/12/2022,10/20/2022,10/23/2022,3.0,Treetops by ARRAY | 3 King | 7 Acre | Private Pond,USD,1114.53,,34.47,,120.0,0.0,1149.0,173.74,2022.0
10/20/2022,10/20/2022,Payout,,,,,,USD,,256.08,,,,,,,
10/20/2022,,Reservation,10/19/2022,10/19/2022,10/20/2022,1.0,Treetops by ARRAY | 3 King | 7 Acre | Private Pond,USD,256.08,,7.92,,120.0,0.0,264.0,39.92,2022.0
10/17/2022,10/17/2022,Payout,,,,,,USD,,641.17,,,,,,,
10/17/2022,,Reservation,10/09/2022,10/16/2022,10/19/2022,3.0,Treetops by ARRAY | 3 King | 7 Acre | Private Pond,USD,641.17,,19.83,,120.0,0.0,661.0,99.95,2022.0
10/15/2022,10/15/2022,Payout,,,,,,USD,,701.31,,,,,,,
10/15/2022,,Reservation,10/11/2022,10/14/2022,10/16/2022,2.0,Treetops by ARRAY | 3 King | 7 Acre | Private Pond,USD,701.31,,21.69,,120.0,0.0,723.0,109.32,2022.0
10/12/2022,10/12/2022,Payout,,,,,,USD,,355.02,,,,,,,
10/12/2022,,Reservation,10/11/2022,10/11/2022,10/13/2022,2.0,Treetops by ARRAY | 3 King | 7 Acre | Private Pond,USD,355.02,,10.98,,120.0,0.0,366.0,55.34,2022.0
10/10/2022,10/10/2022,Payout,,,,,,USD,,280.33,,,,,,,
10/10/2022,,Reservation,10/04/2022,10/09/2022,10/10/2022,1.0,Treetops by ARRAY | 3 King | 7 Acre | Private Pond,USD,280.33,,8.67,,120.0,0.0,289.0,43.7,2022.0
10/09/2022,10/09/2022,Payout,,,,,,USD,,573.05,,,,,,,
10/09/2022,,Reservation,09/18/2022,10/08/2022,10/09/2022,1.0,Treetops by ARRAY | 3 King | 7 Acre | Private Pond,USD,548.05,,16.95,,120.0,0.0,565.0,85.43,2022.0
10/09/2022,,Resolution Payout,,,,,,USD,25.0,,,,,,25.0,,2022.0
09/29/2022,09/29/2022,Payout,,,,,,USD,,504.68,,,,,,,
09/29/2022,,Reservation,08/22/2022,09/28/2022,09/30/2022,2.0,Treetops by ARRAY | 3 King | 7 Acre | Private Pond,USD,624.68,,19.32,,120.0,60.0,644.0,97.38,2022.0
09/29/2022,,Resolution Adjustment,,09/29/2022,,,,USD,-120.0,,,,,,-120.0,,2022.0
09/24/2022,09/24/2022,Payout,,,,,,USD,,1183.4,,,,,,,
09/24/2022,,Reservation,08/03/2022,09/23/2022,09/25/2022,2.0,Treetops by ARRAY | 3 King | 7 Acre | Private Pond,USD,1183.4,,36.6,,120.0,0.0,1220.0,184.47,2022.0
09/20/2022,09/20/2022,Payout,,,,,,USD,,454.93,,,,,,,
09/20/2022,,Reservation,09/07/2022,09/19/2022,09/21/2022,2.0,Treetops by ARRAY | 3 King | 7 Acre | Private Pond,USD,454.93,,14.07,,120.0,0.0,469.0,70.92,2022.0
09/18/2022,09/18/2022,Payout,,,,,,USD,,430.68,,,,,,,
09/18/2022,,Reservation,09/17/2022,09/17/2022,09/18/2022,1.0,Treetops by ARRAY | 3 King | 7 Acre | Private Pond,USD,430.68,,13.32,,120.0,60.0,444.0,67.14,2022.0
09/14/2022,09/14/2022,Payout,,,,,,USD,,496.64,,,,,,,
09/14/2022,,Reservation,08/09/2022,09/13/2022,09/15/2022,2.0,Treetops by ARRAY | 3 King | 7 Acre | Private Pond,USD,496.64,,15.36,,120.0,0.0,512.0,77.42,2022.0
09/09/2022,09/09/2022,Payout,,,,,,USD,,1015.59,,,,,,,
09/09/2022,,Reservation,08/07/2022,09/08/2022,09/11/2022,3.0,Treetops by ARRAY | 3 King | 7 Acre | Private Pond,USD,1015.59,,31.41,,120.0,0.0,1047.0,158.31,2022.0
09/08/2022,09/08/2022,Payout,,,,,,USD,,265.78,,,,,,,
09/08/2022,,Reservation,09/07/2022,09/07/2022,09/08/2022,1.0,Treetops by ARRAY | 3 King | 7 Acre | Private Pond,USD,265.78,,8.22,,120.0,0.0,274.0,41.43,2022.0
09/04/2022,09/04/2022,Payout,,,,,,USD,,1247.42,,,,,,,
09/04/2022,,Reservation,07/13/2022,09/03/2022,09/07/2022,4.0,Treetops by ARRAY | 3 King | 7 Acre | Private Pond,USD,1247.42,,38.58,,120.0,0.0,1286.0,194.45,2022.0
09/02/2022,09/02/2022,Payout,,,,,,USD,,280.33,,,,,,,
09/02/2022,,Reservation,08/29/2022,09/01/2022,09/02/2022,1.0,Treetops by ARRAY | 3 King | 7 Acre | Private Pond,USD,280.33,,8.67,,120.0,0.0,289.0,43.7,2022.0
09/01/2022,09/01/2022,Payout,,,,,,USD,,294.88,,,,,,,
09/01/2022,,Reservation,08/06/2022,08/31/2022,09/01/2022,1.0,Treetops by ARRAY | 3 King | 7 Acre | Private Pond,USD,294.88,,9.12,,120.0,0.0,304.0,45.97,2022.0
08/30/2022,08/30/2022,Payout,,,,,,USD,,207.86,,,,,,,
08/30/2022,,Resolution Adjustment,,08/29/2022,,,,USD,-120.0,,,,,,-120.0,,2022.0
08/30/2022,,Reservation,08/23/2022,08/29/2022,08/31/2022,2.0,Treetops by ARRAY | 3 King | 7 Acre | Private Pond,USD,327.86,,10.14,,0.0,60.0,338.0,0.0,2022.0
08/27/2022,08/27/2022,Payout,,,,,,USD,,846.81,,,,,,,
08/27/2022,,Reservation,07/20/2022,08/26/2022,08/28/2022,2.0,Treetops by ARRAY | 3 King | 7 Acre | Private Pond,USD,846.81,,26.19,,120.0,0.0,873.0,132.0,2022.0
08/24/2022,08/24/2022,Payout,,,,,,USD,,716.83,,,,,,,
08/24/2022,,Reservation,08/14/2022,08/23/2022,08/26/2022,3.0,Treetops by ARRAY | 3 King | 7 Acre | Private Pond,USD,716.83,,22.17,,120.0,60.0,739.0,111.74,2022.0
08/18/2022,08/18/2022,Payout,,,,,,USD,,1224.14,,,,,,,
08/18/2022,,Reservation,07/20/2022,08/17/2022,08/21/2022,4.0,Treetops by ARRAY | 3 King | 7 Acre | Private Pond,USD,1224.14,,37.86,,120.0,0.0,1262.0,190.82,2022.0
08/17/2022,08/17/2022,Payout,,,,,,USD,,265.78,,,,,,,
08/17/2022,,Reservation,08/04/2022,08/16/2022,08/17/2022,1.0,Treetops by ARRAY | 3 King | 7 Acre | Private Pond,USD,265.78,,8.22,,120.0,0.0,274.0,41.43,2022.0
08/09/2022,08/09/2022,Payout,,,,,,USD,,535.44,,,,,,,
08/09/2022,,Reservation,08/06/2022,08/08/2022,08/11/2022,3.0,Treetops by ARRAY | 3 King | 7 Acre | Private Pond,USD,535.44,,16.56,,120.0,0.0,552.0,83.47,2022.0
08/07/2022,08/07/2022,Payout,,,,,,USD,,762.42,,,,,,,
08/07/2022,,Reservation,07/01/2022,08/06/2022,08/08/2022,2.0,Treetops by ARRAY | 3 King | 7 Acre | Private Pond,USD,762.42,,23.58,,115.0,0.0,786.0,118.85,2022.0
08/05/2022,08/05/2022,Payout,,,,,,USD,,769.48,,,,,,,
08/05/2022,,Reservation,04/12/2022,08/04/2022,08/06/2022,2.0,Treetops by ARRAY | 3 King | 7 Acre | Private Pond,USD,769.48,,23.8,,100.0,50.0,793.28,119.95,2022.0
08/02/2022,08/02/2022,Payout,,,,,,USD,,535.44,,,,,,,
08/02/2022,,Reservation,08/01/2022,08/01/2022,08/04/2022,3.0,Treetops by ARRAY | 3 King | 7 Acre | Private Pond,USD,535.44,,16.56,,120.0,0.0,552.0,83.47,2022.0
08/01/2022,08/01/2022,Payout,,,,,,USD,,416.13,,,,,,,
08/01/2022,,Reservation,07/23/2022,07/31/2022,08/01/2022,1.0,Treetops by ARRAY | 3 King | 7 Acre | Private Pond,USD,416.13,,12.87,,120.0,0.0,429.0,64.87,2022.0
07/31/2022,07/31/2022,Payout,,,,,,USD,,761.94,,,,,,,
07/31/2022,,Reservation,07/29/2022,07/30/2022,07/31/2022,1.0,Treetops by ARRAY | 3 King | 7 Acre | Private Pond,USD,365.69,,11.31,,120.0,0.0,377.0,57.0,2022.0
07/31/2022,,Reservation,07/06/2022,07/30/2022,08/01/2022,2.0,Treetops by ARRAY | 3 King | 7 Acre | Private Pond,USD,396.25,,12.25,,0.0,0.0,408.5,0.0,2022.0
07/26/2022,07/26/2022,Payout,,,,,,USD,,415.16,,,,,,,
07/26/2022,,Reservation,07/13/2022,07/25/2022,07/27/2022,2.0,Treetops by ARRAY | 3 King | 7 Acre | Private Pond,USD,415.16,,12.84,,120.0,0.0,428.0,64.72,2022.0
07/25/2022,07/25/2022,Payout,,,,,,USD,,265.78,,,,,,,
07/25/2022,,Reservation,07/24/2022,07/24/2022,07/25/2022,1.0,Treetops by ARRAY | 3 King | 7 Acre | Private Pond,USD,265.78,,8.22,,120.0,0.0,274.0,41.43,2022.0
07/15/2022,07/15/2022,Payout,,,,,,USD,,1299.08,,,,,,,
07/15/2022,,Reservation,04/22/2022,07/14/2022,07/18/2022,4.0,Treetops by ARRAY | 3 King | 7 Acre | Private Pond,USD,1299.08,,40.18,,100.0,0.0,1339.26,202.55,2022.0
07/11/2022,07/11/2022,Payout,,,,,,USD,,639.98,,,,,,,
07/11/2022,,Reservation,07/08/2022,07/10/2022,07/13/2022,3.0,Treetops by ARRAY | 3 King | 7 Acre | Private Pond,USD,614.98,,19.02,,120.0,0.0,634.0,95.87,2022.0
07/11/2022,,Resolution Payout,,,,,,USD,25.0,,,,,,25.0,,2022.0
07/10/2022,07/10/2022,Payout,,,,,,USD,,365.69,,,,,,,
07/10/2022,,Reservation,07/07/2022,07/09/2022,07/10/2022,1.0,Treetops by ARRAY | 3 King | 7 Acre | Private Pond,USD,365.69,,11.31,,120.0,0.0,377.0,57.0,2022.0
07/06/2022,07/06/2022,Payout,,,,,,USD,,283.24,,,,,,,
07/06/2022,,Reservation,06/05/2022,07/05/2022,07/06/2022,1.0,Treetops by ARRAY | 3 King | 7 Acre | Private Pond,USD,283.24,,8.76,,100.0,0.0,292.0,44.15,2022.0
07/03/2022,07/03/2022,Payout,,,,,,USD,,711.98,,,,,,,
07/03/2022,,Reservation,05/18/2022,07/02/2022,07/04/2022,2.0,Treetops by ARRAY | 3 King | 7 Acre | Private Pond,USD,711.98,,22.02,,95.0,0.0,734.0,110.98,2022.0
07/01/2022,07/01/2022,Payout,,,,,,USD,,331.74,,,,,,,
07/01/2022,,Reservation,06/11/2022,06/30/2022,07/01/2022,1.0,Treetops by ARRAY | 3 King | 7 Acre | Private Pond,USD,331.74,,10.26,,100.0,50.0,342.0,51.71,2022.0
06/27/2022,06/27/2022,Payout,,,,,,USD,,1002.01,,,,,,,
06/27/2022,,Reservation,06/07/2022,06/26/2022,06/30/2022,4.0,Treetops by ARRAY | 3 King | 7 Acre | Private Pond,USD,1002.01,,30.99,,110.0,50.0,1033.0,156.2,2022.0
06/25/2022,06/25/2022,Payout,,,,,,USD,,826.09,,,,,,,
06/25/2022,,Reservation,05/03/2022,06/24/2022,06/26/2022,2.0,Treetops by ARRAY | 3 King | 7 Acre | Private Pond,USD,826.09,,25.55,,100.0,0.0,851.64,128.77,2022.0
06/22/2022,06/22/2022,Payout,,,,,,USD,,687.73,,,,,,,
06/22/2022,,Reservation,06/14/2022,06/21/2022,06/24/2022,3.0,Treetops by ARRAY | 3 King | 7 Acre | Private Pond,USD,687.73,,21.27,,110.0,0.0,709.0,107.2,2022.0
06/21/2022,06/21/2022,Payout,,,,,,USD,,246.38,,,,,,,
06/21/2022,,Reservation,06/18/2022,06/20/2022,06/21/2022,1.0,Treetops by ARRAY | 3 King | 7 Acre | Private Pond,USD,246.38,,7.62,,100.0,0.0,254.0,38.41,2022.0
06/20/2022,06/20/2022,Payout,,,,,,USD,,246.38,,,,,,,
06/20/2022,,Reservation,06/18/2022,06/19/2022,06/20/2022,1.0,Treetops by ARRAY | 3 King | 7 Acre | Private Pond,USD,246.38,,7.62,,100.0,0.0,254.0,38.41,2022.0
06/19/2022,06/19/2022,Payout,,,,,,USD,,55.32,,,,,,,
06/19/2022,,Resolution Adjustment,,06/18/2022,,,,USD,-387.0,,,,,,-387.0,,2022.0
06/19/2022,,Reservation,06/14/2022,06/18/2022,06/19/2022,1.0,Treetops by ARRAY | 3 King | 7 Acre | Private Pond,USD,442.32,,13.68,,100.0,50.0,456.0,68.95,2022.0
06/14/2022,06/14/2022,Payout,,,,,,USD,,1488.45,,,,,,,
06/14/2022,,Reservation,04/07/2022,06/13/2022,06/18/2022,5.0,Treetops by ARRAY | 3 King | 7 Acre | Private Pond,USD,1488.45,,46.03,,100.0,0.0,1534.48,232.02,2022.0
06/11/2022,06/11/2022,Payout,,,,,,USD,,773.54,,,,,,,
06/11/2022,,Reservation,04/22/2022,06/10/2022,06/12/2022,2.0,Treetops by ARRAY | 3 King | 7 Acre | Private Pond,USD,773.54,,23.92,,100.0,0.0,797.46,120.58,2022.0
06/09/2022,06/09/2022,Payout,,,,,,USD,,283.24,,,,,,,
06/09/2022,,Reservation,06/05/2022,06/08/2022,06/09/2022,1.0,Treetops by ARRAY | 3 King | 7 Acre | Private Pond,USD,283.24,,8.76,,100.0,0.0,292.0,44.15,2022.0
06/06/2022,06/06/2022,Payout,,,,,,USD,,713.92,,,,,,,
06/06/2022,,Reservation,06/02/2022,06/05/2022,06/08/2022,3.0,Treetops by ARRAY | 3 King | 7 Acre | Private Pond,USD,713.92,,22.08,,110.0,0.0,736.0,111.29,2022.0
06/03/2022,06/03/2022,Payout,,,,,,USD,,685.95,,,,,,,
06/03/2022,,Reservation,04/08/2022,06/02/2022,06/04/2022,2.0,Treetops by ARRAY | 3 King | 7 Acre | Private Pond,USD,685.95,,21.21,,100.0,0.0,707.16,106.93,2022.0
05/28/2022,05/28/2022,Payout,,,,,,USD,,1145.47,,,,,,,
05/28/2022,,Reservation,05/09/2022,05/27/2022,05/30/2022,3.0,Treetops by ARRAY | 3 King | 7 Acre | Private Pond,USD,1145.47,,35.43,,95.0,50.0,1180.9,178.56,2022.0
05/22/2022,05/22/2022,Payout,,,,,,USD,,791.05,,,,,,,
05/22/2022,,Reservation,03/18/2022,05/21/2022,05/23/2022,2.0,Treetops by ARRAY | 3 King | 7 Acre | Private Pond,USD,791.05,,24.47,,100.0,0.0,815.52,123.31,2022.0
05/19/2022,05/19/2022,Payout,,,,,,USD,,977.13,,,,,,,
05/19/2022,,Resolution Adjustment,,05/15/2022,,,,USD,-50.0,,,,,,-50.0,,2022.0
05/19/2022,,Reservation,03/12/2022,05/18/2022,05/21/2022,3.0,Treetops by ARRAY | 3 King | 7 Acre | Private Pond,USD,1027.13,,31.77,,100.0,0.0,1058.9,160.11,2022.0
05/14/2022,05/14/2022,Payout,,,,,,USD,,756.85,,,,,,,
05/14/2022,,Reservation,03/25/2022,05/13/2022,05/15/2022,2.0,Treetops by ARRAY | 3 King | 7 Acre | Private Pond,USD,756.85,,23.41,,100.0,0.0,780.26,117.98,2022.0
05/11/2022,05/11/2022,Payout,,,,,,USD,,190.0,,,,,,,
05/11/2022,,Resolution Payout,,,,,,USD,190.0,,,,,,190.0,,2022.0
05/08/2022,05/08/2022,Payout,,,,,,USD,,881.1,,,,,,,
05/08/2022,,Resolution Payout,,,,,,USD,50.0,,,,,,50.0,,2022.0
05/08/2022,,Reservation,04/07/2022,05/07/2022,05/09/2022,2.0,Treetops by ARRAY | 3 King | 7 Acre | Private Pond,USD,831.1,,25.7,,100.0,0.0,856.8,129.55,2022.0
05/07/2022,05/07/2022,Payout,,,,,,USD,,481.12,,,,,,,
05/07/2022,,Reservation,04/28/2022,05/06/2022,05/07/2022,1.0,Treetops by ARRAY | 3 King | 7 Acre | Private Pond,USD,481.12,,14.88,,100.0,0.0,496.0,75.0,2022.0
04/30/2022,04/30/2022,Payout,,,,,,USD,,1528.49,,,,,,,
04/30/2022,,Reservation,03/07/2022,04/29/2022,05/04/2022,5.0,Treetops by ARRAY | 3 King | 7 Acre | Private Pond,USD,1528.49,,47.27,,100.0,0.0,1575.76,238.26,2022.0
04/28/2022,04/28/2022,Payout,,,,,,USD,,513.32,,,,,,,
04/28/2022,,Reservation,04/16/2022,04/27/2022,04/29/2022,2.0,Treetops by ARRAY | 3 King | 7 Acre | Private Pond,USD,563.32,,17.42,,100.0,0.0,580.74,87.81,2022.0
04/28/2022,,Resolution Adjustment,,04/27/2022,,,,USD,-50.0,,,,,,-50.0,,2022.0
04/24/2022,04/24/2022,Payout,,,,,,USD,,50.0,,,,,,,
04/24/2022,,Resolution Payout,,,,,,USD,50.0,,,,,,50.0,,2022.0
04/24/2022,04/24/2022,Payout,,,,,,USD,,50.0,,,,,,,
04/24/2022,,Resolution Payout,,,,,,USD,50.0,,,,,,50.0,,2022.0
04/22/2022,04/22/2022,Payout,,,,,,USD,,1031.3,,,,,,,
04/22/2022,,Reservation,03/13/2022,04/21/2022,04/24/2022,3.0,Treetops by ARRAY | 3 King | 7 Acre | Private Pond,USD,1031.3,,31.9,,100.0,0.0,1063.2,160.76,2022.0
04/20/2022,04/20/2022,Payout,,,,,,USD,,300.0,,,,,,,
04/20/2022,,Resolution Payout,,,,,,USD,300.0,,,,,,300.0,,2022.0
04/15/2022,04/15/2022,Payout,,,,,,USD,,771.15,,,,,,,
04/15/2022,,Reservation,03/06/2022,04/14/2022,04/17/2022,3.0,Treetops by ARRAY | 3 King | 7 Acre | Private Pond,USD,771.15,,23.85,,100.0,0.0,795.0,120.21,2022.0
04/11/2022,04/11/2022,Payout,,,,,,USD,,792.72,,,,,,,
04/11/2022,,Reservation,04/10/2022,04/10/2022,04/13/2022,3.0,Treetops by ARRAY | 3 King | 7 Acre | Private Pond,USD,792.72,,24.52,,100.0,0.0,817.24,123.57,2022.0
04/10/2022,04/10/2022,Payout,,,,,,USD,,320.25,,,,,,,
04/10/2022,,Resolution Adjustment,,04/07/2022,,,,USD,-50.0,,,,,,-50.0,,2022.0
04/10/2022,,Reservation,03/05/2022,04/09/2022,04/10/2022,1.0,Treetops by ARRAY | 3 King | 7 Acre | Private Pond,USD,370.25,,11.45,,100.0,0.0,381.7,57.72,2022.0
04/07/2022,04/07/2022,Payout,,,,,,USD,,560.66,,,,,,,
04/07/2022,,Reservation,03/18/2022,04/06/2022,04/08/2022,2.0,Treetops by ARRAY | 3 King | 7 Acre | Private Pond,USD,560.66,,17.34,,100.0,0.0,578.0,87.4,2022.0
03/30/2022,03/30/2022,Payout,,,,,,USD,,50.0,,,,,,,
03/30/2022,,Resolution Payout,,,,,,USD,50.0,,,,,,50.0,,2022.0
03/29/2022,03/29/2022,Payout,,,,,,USD,,50.0,,,,,,,
03/29/2022,,Resolution Payout,,,,,,USD,50.0,,,,,,50.0,,2022.0
03/29/2022,03/29/2022,Payout,,,,,,USD,,50.0,,,,,,,
03/29/2022,,Resolution Payout,,,,,,USD,50.0,,,,,,50.0,,2022.0
03/28/2022,03/28/2022,Payout,,,,,,USD,,1024.63,,,,,,,
03/28/2022,,Reservation,03/07/2022,03/27/2022,03/31/2022,4.0,Treetops by ARRAY | 3 King | 7 Acre | Private Pond,USD,1024.63,,31.69,,100.0,0.0,1056.32,159.72,2022.0
03/12/2022,03/12/2022,Payout,,,,,,USD,,952.54,,,,,,,
03/12/2022,,Reservation,03/01/2022,03/11/2022,03/14/2022,3.0,Treetops by ARRAY | 3 King | 7 Acre | Private Pond,USD,952.54,,29.46,,100.0,0.0,982.0,148.48,2022.0
03/06/2022,03/11/2022,Payout,,,,,,USD,,150.0,,,,,,,
03/06/2022,,Resolution Payout,,,,,,USD,150.0,,,,,,150.0,,2022.0
03/05/2022,03/11/2022,Payout,,,,,,USD,,882.7,,,,,,,
03/05/2022,,Reservation,03/01/2022,03/03/2022,03/06/2022,3.0,Treetops by ARRAY | 3 King | 7 Acre | Private Pond,USD,882.7,,27.3,,100.0,0.0,910.0,137.6,2022.0
